id,name,global,owner,file,type,min,max,use,reuse,annotation
SUPAdministrativeKarakteristika.xsd:schema/element[7]/complexType[1]/attribute[2],Starttidspunkt,False,SUPAdministrativeKarakteristika.xsd:schema/element[7],SUPAdministrativeKarakteristika.xsd,SUPdateTime,1,1,required,0,
SUPAdministrativeKarakteristika.xsd:schema/element[7]/complexType[1]/attribute[3],SlutTidspunkt,False,SUPAdministrativeKarakteristika.xsd:schema/element[7],SUPAdministrativeKarakteristika.xsd,SUPdateTime,1,1,optional,0,
SUPAdministrativeKarakteristika.xsd:schema/element[7]/complexType[1]/attribute[4],AfslutTidspunkt,False,SUPAdministrativeKarakteristika.xsd:schema/element[7],SUPAdministrativeKarakteristika.xsd,SUPdateTime,1,1,optional,0,
SUPAdministrativeKarakteristika.xsd:schema/element[11]/complexType[1]/attribute[1],Rekvisition_Procedure_Identifikation,False,SUPAdministrativeKarakteristika.xsd:schema/element[11],SUPAdministrativeKarakteristika.xsd,xsd:string,1,1,required,0,
SUPBehandlere.xsd:schema/element[12]/complexType[1]/attribute[1],Identifikation,False,SUPBehandlere.xsd:schema/element[12],SUPBehandlere.xsd,xsd:string,1,1,optional,0,
SUPBehandlere.xsd:schema/element[12]/complexType[1]/attribute[2],Navn,False,SUPBehandlere.xsd:schema/element[12],SUPBehandlere.xsd,xsd:string,1,1,optional,0,
SUPBehandlere.xsd:schema/element[12]/complexType[1]/attribute[3],Titel,False,SUPBehandlere.xsd:schema/element[12],SUPBehandlere.xsd,xsd:string,1,1,optional,0,
SUPEnkelthaendelsePatientforloeb.xsd:schema/element[9]/complexType[1]/attribute[2],Identifikation,False,SUPEnkelthaendelsePatientforloeb.xsd:schema/element[9],SUPEnkelthaendelsePatientforloeb.xsd,xsd:string,1,1,required,0,
SUPEnkelthaendelsePatientforloeb.xsd:schema/element[9]/complexType[1]/attribute[3],Starttidspunkt,False,SUPEnkelthaendelsePatientforloeb.xsd:schema/element[9],SUPEnkelthaendelsePatientforloeb.xsd,SUPdateTime,1,1,optional,0,
SUPEnkelthaendelsePatientforloeb.xsd:schema/element[9]/complexType[1]/attribute[4],Sluttidspunkt,False,SUPEnkelthaendelsePatientforloeb.xsd:schema/element[9],SUPEnkelthaendelsePatientforloeb.xsd,SUPdateTime,1,1,optional,0,
SUPEnkelthaendelsePatientforloeb.xsd:schema/element[9]/complexType[1]/attribute[5],Teknisk_forloeb,False,SUPEnkelthaendelsePatientforloeb.xsd:schema/element[9],SUPEnkelthaendelsePatientforloeb.xsd,inline,1,1,optional,0,
SUPEnkelthaendelsePatientforloeb.xsd:schema/element[9]/complexType[1]/attribute[6],Foedesystem,False,SUPEnkelthaendelsePatientforloeb.xsd:schema/element[9],SUPEnkelthaendelsePatientforloeb.xsd,xsd:string,1,1,required,0,
SUPEnkelthaendelsePatientforloeb.xsd:schema/element[9]/complexType[1]/attribute[7],Udtraekstidspunkt,False,SUPEnkelthaendelsePatientforloeb.xsd:schema/element[9],SUPEnkelthaendelsePatientforloeb.xsd,SUPdateTime,1,1,optional,0,
SUPFaellesAttributter.xsd:schema/element[14]/complexType[1]/attribute[2],Tekst,False,SUPFaellesAttributter.xsd:schema/element[14],SUPFaellesAttributter.xsd,xsd:string,1,1,required,0,
SUPFaellesAttributter.xsd:schema/element[14]/complexType[1]/attribute[3],Dato,False,SUPFaellesAttributter.xsd:schema/element[14],SUPFaellesAttributter.xsd,xsd:string,1,1,optional,0,
SUPFaellesAttributter.xsd:schema/attributeGroup[15]/attribute[1],CPRnummer,False,SUPFaellesAttributter.xsd:schema/attributeGroup[15],SUPFaellesAttributter.xsd,xsd:string,1,1,required,0,
SUPFaellesAttributter.xsd:schema/attributeGroup[15]/attribute[2],Navn,False,SUPFaellesAttributter.xsd:schema/attributeGroup[15],SUPFaellesAttributter.xsd,xsd:string,1,1,optional,0,
SUPFaellesAttributter.xsd:schema/attributeGroup[15]/attribute[3],Adresse,False,SUPFaellesAttributter.xsd:schema/attributeGroup[15],SUPFaellesAttributter.xsd,xsd:string,1,1,optional,0,
SUPFaellesAttributter.xsd:schema/attributeGroup[15]/attribute[4],Kommunekode,False,SUPFaellesAttributter.xsd:schema/attributeGroup[15],SUPFaellesAttributter.xsd,xsd:string,1,1,optional,0,
SUPFaellesAttributter.xsd:schema/attributeGroup[15]/attribute[5],Kommune,False,SUPFaellesAttributter.xsd:schema/attributeGroup[15],SUPFaellesAttributter.xsd,xsd:string,1,1,optional,0,
SUPFaellesAttributter.xsd:schema/attributeGroup[15]/attribute[6],KommuneTilflytningsdato,False,SUPFaellesAttributter.xsd:schema/attributeGroup[15],SUPFaellesAttributter.xsd,SUPdateTime,1,1,optional,0,
SUPFaellesAttributter.xsd:schema/attributeGroup[15]/attribute[7],Koen,False,SUPFaellesAttributter.xsd:schema/attributeGroup[15],SUPFaellesAttributter.xsd,inline,1,1,optional,0,
SUPFaellesAttributter.xsd:schema/attributeGroup[15]/attribute[8],Foedselsdato,False,SUPFaellesAttributter.xsd:schema/attributeGroup[15],SUPFaellesAttributter.xsd,SUPdateTime,1,1,optional,0,
SUPFaellesAttributter.xsd:schema/attributeGroup[15]/attribute[9],TelefonNummer,False,SUPFaellesAttributter.xsd:schema/attributeGroup[15],SUPFaellesAttributter.xsd,xsd:string,1,1,optional,0,
SUPFaellesAttributter.xsd:schema/attributeGroup[15]/attribute[10],Paaroerende,False,SUPFaellesAttributter.xsd:schema/attributeGroup[15],SUPFaellesAttributter.xsd,xsd:string,1,1,optional,0,
SUPFaellesAttributter.xsd:schema/attributeGroup[15]/attribute[11],EgenLaegesNavn,False,SUPFaellesAttributter.xsd:schema/attributeGroup[15],SUPFaellesAttributter.xsd,xsd:string,1,1,optional,0,
SUPFaellesAttributter.xsd:schema/attributeGroup[15]/attribute[12],EgenLaegesYdernr,False,SUPFaellesAttributter.xsd:schema/attributeGroup[15],SUPFaellesAttributter.xsd,xsd:string,1,1,optional,0,
SUPFaellesAttributter.xsd:schema/attributeGroup[15]/attribute[13],EgenLaegeStartDato,False,SUPFaellesAttributter.xsd:schema/attributeGroup[15],SUPFaellesAttributter.xsd,xsd:string,1,1,optional,0,
SUPFaellesAttributter.xsd:schema/attributeGroup[16]/attribute[1],VersionsNummer,False,SUPFaellesAttributter.xsd:schema/attributeGroup[16],SUPFaellesAttributter.xsd,inline,1,1,required,0,Angiver SUP version af patientdata.
SUPFaellesAttributter.xsd:schema/attributeGroup[16]/attribute[2],Identifikation,False,SUPFaellesAttributter.xsd:schema/attributeGroup[16],SUPFaellesAttributter.xsd,xsd:string,1,1,required,0,Entydig identifikation af af patientdata-udtrækket. Identifikation dannes af udtræksprogrammelet. Kan f.esk. benyttes i fejlsituatiuoner til at bestemme hvilke data der er sendt/modtaget.
SUPFaellesAttributter.xsd:schema/attributeGroup[16]/attribute[3],ForsendelsesTid,False,SUPFaellesAttributter.xsd:schema/attributeGroup[16],SUPFaellesAttributter.xsd,SUPdateTime,1,1,required,0,Tidspunkt hvor patientdata er sendt fra udtræksprogrammelet til SUP databasen.
SUPFaellesAttributter.xsd:schema/attributeGroup[16]/attribute[4],AfsenderSystem,False,SUPFaellesAttributter.xsd:schema/attributeGroup[16],SUPFaellesAttributter.xsd,xsd:string,1,1,required,0,Angiver system der har lavet patientudtræk og afsendt det.
SUPFaellesAttributter.xsd:schema/attributeGroup[16]/attribute[5],TransaktionsType,False,SUPFaellesAttributter.xsd:schema/attributeGroup[16],SUPFaellesAttributter.xsd,inline,1,1,required,0,Angiver transaktionstype der skal anvendes på patientdata.
SUPForloebsService.xsd:schema/element[7]/complexType[1]/attribute[2],Identifikation,False,SUPForloebsService.xsd:schema/element[7],SUPForloebsService.xsd,xsd:string,1,1,required,0,
SUPForloebsService.xsd:schema/element[7]/complexType[1]/attribute[3],Starttidspunkt,False,SUPForloebsService.xsd:schema/element[7],SUPForloebsService.xsd,SUPdateTime,1,1,optional,0,
SUPForloebsService.xsd:schema/element[7]/complexType[1]/attribute[4],Sluttidspunkt,False,SUPForloebsService.xsd:schema/element[7],SUPForloebsService.xsd,SUPdateTime,1,1,optional,0,
SUPForloebsService.xsd:schema/element[7]/complexType[1]/attribute[5],Teknisk_forloeb,False,SUPForloebsService.xsd:schema/element[7],SUPForloebsService.xsd,inline,1,1,optional,0,
SUPForloebsService.xsd:schema/element[7]/complexType[1]/attribute[6],Foedesystem,False,SUPForloebsService.xsd:schema/element[7],SUPForloebsService.xsd,xsd:string,1,1,required,0,
SUPForloebsService.xsd:schema/element[7]/complexType[1]/attribute[7],Udtraekstidspunkt,False,SUPForloebsService.xsd:schema/element[7],SUPForloebsService.xsd,SUPdateTime,1,1,optional,0,
SUPHaendelse.xsd:schema/element[4]/complexType[1]/attribute[2],Identifikation,False,SUPHaendelse.xsd:schema/element[4],SUPHaendelse.xsd,xsd:string,1,1,required,0,
SUPHaendelse.xsd:schema/element[4]/complexType[1]/attribute[3],FriTekst,False,SUPHaendelse.xsd:schema/element[4],SUPHaendelse.xsd,xsd:string,1,1,optional,0,
SUPHaendelse.xsd:schema/element[4]/complexType[1]/attribute[4],Registreringstidspunkt,False,SUPHaendelse.xsd:schema/element[4],SUPHaendelse.xsd,SUPdateTime,1,1,optional,0,
SUPHaendelse.xsd:schema/element[4]/complexType[1]/attribute[5],Tilstede_tidspunkt,False,SUPHaendelse.xsd:schema/element[4],SUPHaendelse.xsd,SUPdateTime,1,1,optional,0,
SUPHaendelse.xsd:schema/element[4]/complexType[1]/attribute[6],Ugyldighedstidspunkt,False,SUPHaendelse.xsd:schema/element[4],SUPHaendelse.xsd,SUPdateTime,1,1,optional,0,
SUPHaendelse.xsd:schema/element[5]/complexType[1]/attribute[2],Registrerende_behandler,False,SUPHaendelse.xsd:schema/element[5],SUPHaendelse.xsd,xsd:string,1,1,optional,0,
SUPKlassifikation.xsd:schema/element[1]/complexType[1]/attribute[1],Forkortelse,False,SUPKlassifikation.xsd:schema/element[1],SUPKlassifikation.xsd,xsd:string,1,1,optional,0,
SUPKlassifikation.xsd:schema/element[1]/complexType[1]/attribute[2],Navn,False,SUPKlassifikation.xsd:schema/element[1],SUPKlassifikation.xsd,xsd:string,1,1,optional,0,
SUPKlassifikation.xsd:schema/element[3]/complexType[1]/attribute[2],Kode,False,SUPKlassifikation.xsd:schema/element[3],SUPKlassifikation.xsd,xsd:string,1,1,optional,0,
SUPKlassifikation.xsd:schema/element[3]/complexType[1]/attribute[3],Kodetekst,False,SUPKlassifikation.xsd:schema/element[3],SUPKlassifikation.xsd,xsd:string,1,1,optional,0,
SUPKontaktperiode.xsd:schema/element[7]/complexType[1]/attribute[2],StartTidspunkt,False,SUPKontaktperiode.xsd:schema/element[7],SUPKontaktperiode.xsd,SUPdateTime,1,1,required,0,
SUPKontaktperiode.xsd:schema/element[7]/complexType[1]/attribute[3],Afslutningstidspunkt,False,SUPKontaktperiode.xsd:schema/element[7],SUPKontaktperiode.xsd,SUPdateTime,1,1,optional,0,
SUPKontaktperiode.xsd:schema/element[9]/complexType[1]/attribute[2],Stamsted,False,SUPKontaktperiode.xsd:schema/element[9],SUPKontaktperiode.xsd,xsd:string,1,1,required,0,
SUPKontaktperiode.xsd:schema/element[12]/complexType[1]/attribute[1],Rekvisition_Identifikation,False,SUPKontaktperiode.xsd:schema/element[12],SUPKontaktperiode.xsd,xsd:string,1,1,optional,0,
SUPKontaktperiode.xsd:schema/element[13]/complexType[1]/attribute[1],Ordination_Identifikation,False,SUPKontaktperiode.xsd:schema/element[13],SUPKontaktperiode.xsd,xsd:string,1,1,optional,0,
SUPMedicinering.xsd:schema/element[10]/complexType[1]/attribute[2],Procedure_sted,False,SUPMedicinering.xsd:schema/element[10],SUPMedicinering.xsd,xsd:string,1,1,optional,0,
SUPMedicinering.xsd:schema/element[12]/complexType[1]/attribute[2],Starttidspunkt,False,SUPMedicinering.xsd:schema/element[12],SUPMedicinering.xsd,SUPdateTime,1,1,required,0,
SUPMedicinering.xsd:schema/element[12]/complexType[1]/attribute[3],Afslutningstidspunkt,False,SUPMedicinering.xsd:schema/element[12],SUPMedicinering.xsd,SUPdateTime,1,1,optional,0,
SUPMedicinering.xsd:schema/element[12]/complexType[1]/attribute[4],Enkeltdosis,False,SUPMedicinering.xsd:schema/element[12],SUPMedicinering.xsd,SUPfloat,1,1,required,0,
SUPMedicinering.xsd:schema/element[12]/complexType[1]/attribute[5],EnhedEnkeltdosis,False,SUPMedicinering.xsd:schema/element[12],SUPMedicinering.xsd,xsd:string,1,1,required,0,
SUPMedicinering.xsd:schema/element[12]/complexType[1]/attribute[6],Styrke,False,SUPMedicinering.xsd:schema/element[12],SUPMedicinering.xsd,xsd:string,1,1,optional,0,
SUPMedicinering.xsd:schema/element[12]/complexType[1]/attribute[7],Objektreference,False,SUPMedicinering.xsd:schema/element[12],SUPMedicinering.xsd,xsd:anyURI,1,1,optional,0,
SUPMedicinering.xsd:schema/element[15]/complexType[1]/attribute[1],Medicinordination_Identifikation,False,SUPMedicinering.xsd:schema/element[15],SUPMedicinering.xsd,xsd:string,1,1,required,0,
SUPMedicinering.xsd:schema/element[16]/complexType[1]/attribute[2],Starttidspunkt,False,SUPMedicinering.xsd:schema/element[16],SUPMedicinering.xsd,SUPdateTime,1,1,required,0,
SUPMedicinering.xsd:schema/element[16]/complexType[1]/attribute[3],Sluttidspunkt,False,SUPMedicinering.xsd:schema/element[16],SUPMedicinering.xsd,SUPdateTime,1,1,optional,0,
SUPMedicinering.xsd:schema/element[16]/complexType[1]/attribute[4],Seponeringstidspunkt,False,SUPMedicinering.xsd:schema/element[16],SUPMedicinering.xsd,SUPdateTime,1,1,optional,0,
SUPMedicinering.xsd:schema/element[16]/complexType[1]/attribute[5],DoegnDosis,False,SUPMedicinering.xsd:schema/element[16],SUPMedicinering.xsd,SUPfloat,1,1,optional,0,
SUPMedicinering.xsd:schema/element[16]/complexType[1]/attribute[6],EnkeltDosis,False,SUPMedicinering.xsd:schema/element[16],SUPMedicinering.xsd,SUPfloat,1,1,optional,0,
SUPMedicinering.xsd:schema/element[16]/complexType[1]/attribute[7],MaksimalDoegnDosis,False,SUPMedicinering.xsd:schema/element[16],SUPMedicinering.xsd,SUPfloat,1,1,optional,0,
SUPMedicinering.xsd:schema/element[16]/complexType[1]/attribute[8],Enhed,False,SUPMedicinering.xsd:schema/element[16],SUPMedicinering.xsd,xsd:string,1,1,optional,0,
SUPMedicinering.xsd:schema/element[16]/complexType[1]/attribute[9],Styrke,False,SUPMedicinering.xsd:schema/element[16],SUPMedicinering.xsd,xsd:string,1,1,optional,0,
SUPMedicinering.xsd:schema/element[16]/complexType[1]/attribute[10],Objektreference,False,SUPMedicinering.xsd:schema/element[16],SUPMedicinering.xsd,xsd:anyURI,1,1,optional,0,
SUPMedicinering.xsd:schema/element[17]/complexType[1]/attribute[2],Ordinationssted,False,SUPMedicinering.xsd:schema/element[17],SUPMedicinering.xsd,xsd:string,1,1,optional,0,
SUPNotat.xsd:schema/element[7]/complexType[1]/attribute[2],Overskrift,False,SUPNotat.xsd:schema/element[7],SUPNotat.xsd,xsd:string,1,1,optional,0,
SUPNotat.xsd:schema/element[7]/complexType[1]/attribute[3],KonstateringsTidspunkt,False,SUPNotat.xsd:schema/element[7],SUPNotat.xsd,SUPdateTime,1,1,required,0,
SUPNotat.xsd:schema/element[7]/complexType[1]/attribute[4],Broedtekst,False,SUPNotat.xsd:schema/element[7],SUPNotat.xsd,xsd:string,1,1,optional,0,
SUPNotat.xsd:schema/element[7]/complexType[1]/attribute[5],Objektreference,False,SUPNotat.xsd:schema/element[7],SUPNotat.xsd,xsd:anyURI,1,1,optional,0,
SUPNotat.xsd:schema/element[8]/complexType[1]/attribute[2],ProcedureSted,False,SUPNotat.xsd:schema/element[8],SUPNotat.xsd,xsd:string,1,1,optional,0,
SUPNotat.xsd:schema/element[11]/complexType[1]/attribute[1],Udfoert_procedure_identifikation,False,SUPNotat.xsd:schema/element[11],SUPNotat.xsd,xsd:string,1,1,optional,0,
SUPOrganisation.xsd:schema/element[10]/complexType[1]/attribute[1],KodeType,False,SUPOrganisation.xsd:schema/element[10],SUPOrganisation.xsd,inline,1,1,optional,0,
SUPOrganisation.xsd:schema/element[10]/complexType[1]/attribute[2],Kode,False,SUPOrganisation.xsd:schema/element[10],SUPOrganisation.xsd,xsd:string,1,1,optional,0,
SUPOrganisation.xsd:schema/element[10]/complexType[1]/attribute[3],Institution_tekst,False,SUPOrganisation.xsd:schema/element[10],SUPOrganisation.xsd,xsd:string,1,1,optional,0,
SUPOrganisation.xsd:schema/element[10]/complexType[1]/attribute[4],Afdeling_tekst,False,SUPOrganisation.xsd:schema/element[10],SUPOrganisation.xsd,xsd:string,1,1,optional,0,
SUPPatientforloeb.xsd:schema/element[9]/complexType[1]/attribute[2],SammenknytningsIdentifikation,False,SUPPatientforloeb.xsd:schema/element[9],SUPPatientforloeb.xsd,xsd:string,1,1,optional,0,"Angives på ""underforløb"" jf. LPR3 forløbsbegrebsmodellen og udfyldes med ""Identifikation"" værdien på ""hovedforløbet""."
SUPPatientforloeb.xsd:schema/element[9]/complexType[1]/attribute[3],Identifikation,False,SUPPatientforloeb.xsd:schema/element[9],SUPPatientforloeb.xsd,xsd:string,1,1,required,0,
SUPPatientforloeb.xsd:schema/element[9]/complexType[1]/attribute[4],Starttidspunkt,False,SUPPatientforloeb.xsd:schema/element[9],SUPPatientforloeb.xsd,SUPdateTime,1,1,optional,0,
SUPPatientforloeb.xsd:schema/element[9]/complexType[1]/attribute[5],Sluttidspunkt,False,SUPPatientforloeb.xsd:schema/element[9],SUPPatientforloeb.xsd,SUPdateTime,1,1,optional,0,
SUPPatientforloeb.xsd:schema/element[9]/complexType[1]/attribute[6],Teknisk_forloeb,False,SUPPatientforloeb.xsd:schema/element[9],SUPPatientforloeb.xsd,inline,1,1,optional,0,
SUPPatientforloeb.xsd:schema/element[9]/complexType[1]/attribute[7],Foedesystem,False,SUPPatientforloeb.xsd:schema/element[9],SUPPatientforloeb.xsd,xsd:string,1,1,required,0,
SUPPatientforloeb.xsd:schema/element[9]/complexType[1]/attribute[8],Udtraekstidspunkt,False,SUPPatientforloeb.xsd:schema/element[9],SUPPatientforloeb.xsd,SUPdateTime,1,1,optional,0,
SUPProcedureProces.xsd:schema/element[7]/complexType[1]/attribute[2],Starttidspunkt,False,SUPProcedureProces.xsd:schema/element[7],SUPProcedureProces.xsd,SUPdateTime,1,1,required,0,
SUPProcedureProces.xsd:schema/element[7]/complexType[1]/attribute[3],Sluttidspunkt,False,SUPProcedureProces.xsd:schema/element[7],SUPProcedureProces.xsd,SUPdateTime,1,1,optional,0,
SUPProcedureProces.xsd:schema/element[7]/complexType[1]/attribute[4],Aflysningstidspunkt,False,SUPProcedureProces.xsd:schema/element[7],SUPProcedureProces.xsd,SUPdateTime,1,1,optional,0,
SUPProcedureProces.xsd:schema/element[7]/complexType[1]/attribute[5],Afslutningsaarsag,False,SUPProcedureProces.xsd:schema/element[7],SUPProcedureProces.xsd,xsd:string,1,1,optional,0,
SUPProcedureProces.xsd:schema/element[8]/complexType[1]/attribute[1],Planlagt_procedure_identifikation,False,SUPProcedureProces.xsd:schema/element[8],SUPProcedureProces.xsd,xsd:string,1,1,optional,0,
SUPProcedureProces.xsd:schema/element[8]/complexType[1]/attribute[2],Ordination_identifikation,False,SUPProcedureProces.xsd:schema/element[8],SUPProcedureProces.xsd,xsd:string,1,1,optional,0,
SUPProcedureProces.xsd:schema/element[8]/complexType[1]/attribute[3],Rekvisition_identifikation,False,SUPProcedureProces.xsd:schema/element[8],SUPProcedureProces.xsd,xsd:string,1,1,optional,0,
SUPProcedureProces.xsd:schema/element[9]/complexType[1]/attribute[2],Udfoerelsessted,False,SUPProcedureProces.xsd:schema/element[9],SUPProcedureProces.xsd,xsd:string,1,1,optional,0,
SUPProcedureProces.xsd:schema/element[12]/complexType[1]/attribute[2],Starttidspunkt,False,SUPProcedureProces.xsd:schema/element[12],SUPProcedureProces.xsd,SUPdateTime,1,1,required,0,
SUPProcedureProces.xsd:schema/element[12]/complexType[1]/attribute[3],Sluttidspunkt,False,SUPProcedureProces.xsd:schema/element[12],SUPProcedureProces.xsd,SUPdateTime,1,1,optional,0,
SUPProcedureProces.xsd:schema/element[12]/complexType[1]/attribute[4],Seponeringstidspunkt,False,SUPProcedureProces.xsd:schema/element[12],SUPProcedureProces.xsd,SUPdateTime,1,1,optional,0,
SUPProcedureProces.xsd:schema/element[12]/complexType[1]/attribute[5],Antal,False,SUPProcedureProces.xsd:schema/element[12],SUPProcedureProces.xsd,SUPfloat,1,1,optional,0,
SUPProcedureProces.xsd:schema/element[12]/complexType[1]/attribute[6],Enhed,False,SUPProcedureProces.xsd:schema/element[12],SUPProcedureProces.xsd,xsd:string,1,1,optional,0,
SUPProcedureProces.xsd:schema/element[13]/complexType[1]/attribute[2],Ordinationssted,False,SUPProcedureProces.xsd:schema/element[13],SUPProcedureProces.xsd,xsd:string,1,1,optional,0,
SUPProcedureProces.xsd:schema/element[16]/complexType[1]/attribute[1],Planlagt_procedure_identifikation,False,SUPProcedureProces.xsd:schema/element[16],SUPProcedureProces.xsd,xsd:string,1,1,optional,0,
SUPProcedureProces.xsd:schema/element[17]/complexType[1]/attribute[2],Planlaegningstidspunkt,False,SUPProcedureProces.xsd:schema/element[17],SUPProcedureProces.xsd,xsd:string,1,1,optional,0,
SUPProcedureProces.xsd:schema/element[17]/complexType[1]/attribute[3],Afslutningstidspunkt,False,SUPProcedureProces.xsd:schema/element[17],SUPProcedureProces.xsd,xsd:string,1,1,optional,0,
SUPProcedureProces.xsd:schema/element[17]/complexType[1]/attribute[4],Objektreference,False,SUPProcedureProces.xsd:schema/element[17],SUPProcedureProces.xsd,xsd:anyURI,1,1,optional,0,
SUPProcedureProces.xsd:schema/element[19]/complexType[1]/attribute[2],Planlaegningssted,False,SUPProcedureProces.xsd:schema/element[19],SUPProcedureProces.xsd,xsd:string,1,1,optional,0,
SUPProcedureProces.xsd:schema/element[20]/complexType[1]/attribute[2],Rekvisitionstidspunkt,False,SUPProcedureProces.xsd:schema/element[20],SUPProcedureProces.xsd,xsd:string,1,1,required,0,
SUPProcedureProces.xsd:schema/element[20]/complexType[1]/attribute[3],Afslutningstidspunkt,False,SUPProcedureProces.xsd:schema/element[20],SUPProcedureProces.xsd,xsd:string,1,1,optional,0,
SUPProcedureProces.xsd:schema/element[20]/complexType[1]/attribute[4],Antal,False,SUPProcedureProces.xsd:schema/element[20],SUPProcedureProces.xsd,xsd:string,1,1,optional,0,
SUPProcedureProces.xsd:schema/element[20]/complexType[1]/attribute[5],Enhed,False,SUPProcedureProces.xsd:schema/element[20],SUPProcedureProces.xsd,xsd:string,1,1,optional,0,
SUPProcedureProces.xsd:schema/element[23]/complexType[1]/attribute[2],Rekvisitionssted,False,SUPProcedureProces.xsd:schema/element[23],SUPProcedureProces.xsd,xsd:string,1,1,optional,0,
SUPProcedureProces.xsd:schema/element[24]/complexType[1]/attribute[1],Ordination_Identifikation,False,SUPProcedureProces.xsd:schema/element[24],SUPProcedureProces.xsd,xsd:string,1,1,optional,0,
SUPProcedureProces.xsd:schema/element[24]/complexType[1]/attribute[2],Planlagt_procedure_Identifikation,False,SUPProcedureProces.xsd:schema/element[24],SUPProcedureProces.xsd,xsd:string,1,1,optional,0,
SUPProcedureProces.xsd:schema/element[25]/complexType[1]/attribute[2],Starttidspunkt,False,SUPProcedureProces.xsd:schema/element[25],SUPProcedureProces.xsd,SUPdateTime,1,1,required,0,
SUPProcedureProces.xsd:schema/element[25]/complexType[1]/attribute[3],Sluttidspunkt,False,SUPProcedureProces.xsd:schema/element[25],SUPProcedureProces.xsd,SUPdateTime,1,1,optional,0,
SUPProcedureProces.xsd:schema/element[25]/complexType[1]/attribute[4],Afslutningstidspunkt,False,SUPProcedureProces.xsd:schema/element[25],SUPProcedureProces.xsd,SUPdateTime,1,1,optional,0,
SUPProcedureProces.xsd:schema/element[25]/complexType[1]/attribute[5],Objektreference,False,SUPProcedureProces.xsd:schema/element[25],SUPProcedureProces.xsd,xsd:anyURI,1,1,optional,0,
SUPProcedureProces.xsd:schema/element[27]/complexType[1]/attribute[2],Udfoerelsessted,False,SUPProcedureProces.xsd:schema/element[27],SUPProcedureProces.xsd,xsd:string,1,1,optional,0,
SUPProcedureProces.xsd:schema/element[29]/complexType[1]/attribute[1],Rekvisition_Identifikation,False,SUPProcedureProces.xsd:schema/element[29],SUPProcedureProces.xsd,xsd:string,1,1,optional,0,
SUPProcedureProces.xsd:schema/element[29]/complexType[1]/attribute[2],Ordination_Identifikation,False,SUPProcedureProces.xsd:schema/element[29],SUPProcedureProces.xsd,xsd:string,1,1,optional,0,
SUPProcedureProces.xsd:schema/element[29]/complexType[1]/attribute[3],Planlagt_procedure_Identifikation,False,SUPProcedureProces.xsd:schema/element[29],SUPProcedureProces.xsd,xsd:string,1,1,optional,0,
SUPResultat.xsd:schema/element[7]/complexType[1]/attribute[2],Konstateringstidspunkt,False,SUPResultat.xsd:schema/element[7],SUPResultat.xsd,SUPdateTime,1,1,required,0,
SUPResultat.xsd:schema/element[7]/complexType[1]/attribute[3],AnamnestiskTidspunkt,False,SUPResultat.xsd:schema/element[7],SUPResultat.xsd,SUPdateTime,1,1,optional,0,
SUPResultat.xsd:schema/element[7]/complexType[1]/attribute[4],Periode,False,SUPResultat.xsd:schema/element[7],SUPResultat.xsd,xsd:string,1,1,optional,0,
SUPResultat.xsd:schema/element[7]/complexType[1]/attribute[5],EnhedPeriode,False,SUPResultat.xsd:schema/element[7],SUPResultat.xsd,xsd:string,1,1,optional,0,
SUPResultat.xsd:schema/element[7]/complexType[1]/attribute[6],Varighed,False,SUPResultat.xsd:schema/element[7],SUPResultat.xsd,xsd:string,1,1,optional,0,
SUPResultat.xsd:schema/element[7]/complexType[1]/attribute[7],EnhedVarighed,False,SUPResultat.xsd:schema/element[7],SUPResultat.xsd,xsd:string,1,1,optional,0,
SUPResultat.xsd:schema/element[7]/complexType[1]/attribute[8],Objektreference,False,SUPResultat.xsd:schema/element[7],SUPResultat.xsd,xsd:anyURI,1,1,optional,0,
SUPResultat.xsd:schema/element[8]/complexType[1]/attribute[2],Observationssted,False,SUPResultat.xsd:schema/element[8],SUPResultat.xsd,xsd:string,1,1,optional,0,
SUPResultat.xsd:schema/element[9]/complexType[1]/attribute[1],Procedure_identifikation,False,SUPResultat.xsd:schema/element[9],SUPResultat.xsd,xsd:string,1,1,optional,0,
SUPResultat.xsd:schema/element[10]/complexType[1]/attribute[2],Vaerdi,False,SUPResultat.xsd:schema/element[10],SUPResultat.xsd,xsd:string,1,1,optional,0,
SUPResultat.xsd:schema/element[10]/complexType[1]/attribute[3],EnhedVaerdi,False,SUPResultat.xsd:schema/element[10],SUPResultat.xsd,xsd:string,1,1,optional,0,
SUPResultat.xsd:schema/element[10]/complexType[1]/attribute[4],ObservationsTidspunkt,False,SUPResultat.xsd:schema/element[10],SUPResultat.xsd,SUPdateTime,1,1,required,0,
SUPResultat.xsd:schema/element[10]/complexType[1]/attribute[5],SystBT,False,SUPResultat.xsd:schema/element[10],SUPResultat.xsd,xsd:string,1,1,optional,0,
SUPResultat.xsd:schema/element[10]/complexType[1]/attribute[6],SystBTEnhed,False,SUPResultat.xsd:schema/element[10],SUPResultat.xsd,xsd:string,1,1,optional,0,
SUPResultat.xsd:schema/element[10]/complexType[1]/attribute[7],DiasBT,False,SUPResultat.xsd:schema/element[10],SUPResultat.xsd,xsd:string,1,1,optional,0,
SUPResultat.xsd:schema/element[10]/complexType[1]/attribute[8],DiasBTEnhed,False,SUPResultat.xsd:schema/element[10],SUPResultat.xsd,xsd:string,1,1,optional,0,
SUPResultat.xsd:schema/element[11]/complexType[1]/attribute[2],Observationssted,False,SUPResultat.xsd:schema/element[11],SUPResultat.xsd,xsd:string,1,1,optional,0,
SUPResultat.xsd:schema/element[14]/complexType[1]/attribute[1],Procedure_identifikation,False,SUPResultat.xsd:schema/element[14],SUPResultat.xsd,xsd:string,1,1,required,0,
SUPResultat.xsd:schema/element[15]/complexType[1]/attribute[2],Proevetidspunkt,False,SUPResultat.xsd:schema/element[15],SUPResultat.xsd,SUPdateTime,1,1,required,0,
SUPResultat.xsd:schema/element[15]/complexType[1]/attribute[3],Svartidspunkt,False,SUPResultat.xsd:schema/element[15],SUPResultat.xsd,SUPdateTime,1,1,optional,0,
SUPResultat.xsd:schema/element[15]/complexType[1]/attribute[4],ResultatVaerdi,False,SUPResultat.xsd:schema/element[15],SUPResultat.xsd,xsd:string,1,1,optional,0,
SUPResultat.xsd:schema/element[15]/complexType[1]/attribute[5],EnhedResultatVaerdi,False,SUPResultat.xsd:schema/element[15],SUPResultat.xsd,xsd:string,1,1,optional,0,
SUPResultat.xsd:schema/element[15]/complexType[1]/attribute[6],NedreGraense,False,SUPResultat.xsd:schema/element[15],SUPResultat.xsd,xsd:string,1,1,optional,0,
SUPResultat.xsd:schema/element[15]/complexType[1]/attribute[7],EnhedNedreGraense,False,SUPResultat.xsd:schema/element[15],SUPResultat.xsd,xsd:string,1,1,optional,0,
SUPResultat.xsd:schema/element[15]/complexType[1]/attribute[8],OevreGraense,False,SUPResultat.xsd:schema/element[15],SUPResultat.xsd,xsd:string,1,1,optional,0,
SUPResultat.xsd:schema/element[15]/complexType[1]/attribute[9],EnhedOevreGraense,False,SUPResultat.xsd:schema/element[15],SUPResultat.xsd,xsd:string,1,1,optional,0,
SUPResultat.xsd:schema/element[15]/complexType[1]/attribute[10],Unormalt_resultat,False,SUPResultat.xsd:schema/element[15],SUPResultat.xsd,inline,1,1,optional,0,
SUPResultat.xsd:schema/element[15]/complexType[1]/attribute[11],Objektreference,False,SUPResultat.xsd:schema/element[15],SUPResultat.xsd,xsd:anyURI,1,1,optional,0,
SUPResultat.xsd:schema/element[16]/complexType[1]/attribute[1],Procedure_identifikation,False,SUPResultat.xsd:schema/element[16],SUPResultat.xsd,xsd:string,1,1,required,0,
SUPResultat.xsd:schema/element[18]/complexType[1]/attribute[2],ProcedureSted,False,SUPResultat.xsd:schema/element[18],SUPResultat.xsd,xsd:string,1,1,optional,0,
SUPVurdering.xsd:schema/element[7]/complexType[1]/attribute[2],Diagnosetidspunkt,False,SUPVurdering.xsd:schema/element[7],SUPVurdering.xsd,SUPdateTime,1,1,required,0,
SUPVurdering.xsd:schema/element[7]/complexType[1]/attribute[3],Afsluttidspunkt,False,SUPVurdering.xsd:schema/element[7],SUPVurdering.xsd,SUPdateTime,1,1,optional,0,
SUPVurdering.xsd:schema/element[9]/complexType[1]/attribute[2],Diagnosested,False,SUPVurdering.xsd:schema/element[9],SUPVurdering.xsd,xsd:string,1,1,optional,0,
SUPVurdering.xsd:schema/element[11]/complexType[1]/attribute[1],Procedure_identifikation,False,SUPVurdering.xsd:schema/element[11],SUPVurdering.xsd,xsd:string,1,1,optional,0,
SUPVurdering.xsd:schema/element[12]/complexType[1]/attribute[2],Observationstidspunkt,False,SUPVurdering.xsd:schema/element[12],SUPVurdering.xsd,SUPdateTime,1,1,required,0,
SUPVurdering.xsd:schema/element[12]/complexType[1]/attribute[3],Behandlingstidspunkt,False,SUPVurdering.xsd:schema/element[12],SUPVurdering.xsd,SUPdateTime,1,1,optional,0,
SUPVurdering.xsd:schema/element[12]/complexType[1]/attribute[4],Foervaerdi,False,SUPVurdering.xsd:schema/element[12],SUPVurdering.xsd,xsd:string,1,1,optional,0,
SUPVurdering.xsd:schema/element[12]/complexType[1]/attribute[5],EnhedFoervaerdi,False,SUPVurdering.xsd:schema/element[12],SUPVurdering.xsd,xsd:string,1,1,optional,0,
SUPVurdering.xsd:schema/element[12]/complexType[1]/attribute[6],Eftervaerdi,False,SUPVurdering.xsd:schema/element[12],SUPVurdering.xsd,xsd:string,1,1,optional,0,
SUPVurdering.xsd:schema/element[12]/complexType[1]/attribute[7],EnhedEftervaerdi,False,SUPVurdering.xsd:schema/element[12],SUPVurdering.xsd,xsd:string,1,1,optional,0,
SUPVurdering.xsd:schema/element[18]/complexType[1]/attribute[2],ObservationsSted,False,SUPVurdering.xsd:schema/element[18],SUPVurdering.xsd,xsd:string,1,1,optional,0,
SUPVurdering.xsd:schema/element[19]/complexType[1]/attribute[1],Procedure_identifikation,False,SUPVurdering.xsd:schema/element[19],SUPVurdering.xsd,xsd:string,1,1,required,0,
SUPVurdering.xsd:schema/element[20]/complexType[1]/attribute[2],Observationstidspunkt,False,SUPVurdering.xsd:schema/element[20],SUPVurdering.xsd,SUPdateTime,1,1,required,0,
SUPVurdering.xsd:schema/element[20]/complexType[1]/attribute[3],Proceduretidspunkt,False,SUPVurdering.xsd:schema/element[20],SUPVurdering.xsd,SUPdateTime,1,1,optional,0,
SUPVurdering.xsd:schema/element[22]/complexType[1]/attribute[2],ObservationsSted,False,SUPVurdering.xsd:schema/element[22],SUPVurdering.xsd,xsd:string,1,1,optional,0,
SUPVurdering.xsd:schema/element[23]/complexType[1]/attribute[1],Procedure_identifikation,False,SUPVurdering.xsd:schema/element[23],SUPVurdering.xsd,xsd:string,1,1,required,0,
SUPVurdering.xsd:schema/element[24]/complexType[1]/attribute[2],Beslutningstidspunkt,False,SUPVurdering.xsd:schema/element[24],SUPVurdering.xsd,SUPdateTime,1,1,required,0,
SUPVurdering.xsd:schema/element[24]/complexType[1]/attribute[3],OenskesOpfyldttidspunkt,False,SUPVurdering.xsd:schema/element[24],SUPVurdering.xsd,SUPdateTime,1,1,optional,0,
SUPVurdering.xsd:schema/element[24]/complexType[1]/attribute[4],Afslutningstidspunkt,False,SUPVurdering.xsd:schema/element[24],SUPVurdering.xsd,SUPdateTime,1,1,optional,0,
SUPVurdering.xsd:schema/element[24]/complexType[1]/attribute[5],Vaerdi,False,SUPVurdering.xsd:schema/element[24],SUPVurdering.xsd,SUPfloat,1,1,optional,0,
SUPVurdering.xsd:schema/element[24]/complexType[1]/attribute[6],EnhedVaerdi,False,SUPVurdering.xsd:schema/element[24],SUPVurdering.xsd,xsd:string,1,1,optional,0,
SUPVurdering.xsd:schema/element[24]/complexType[1]/attribute[7],NedreGraense,False,SUPVurdering.xsd:schema/element[24],SUPVurdering.xsd,SUPfloat,1,1,optional,0,
SUPVurdering.xsd:schema/element[24]/complexType[1]/attribute[8],EnhedNedregraense,False,SUPVurdering.xsd:schema/element[24],SUPVurdering.xsd,xsd:string,1,1,optional,0,
SUPVurdering.xsd:schema/element[24]/complexType[1]/attribute[9],OevreGraense,False,SUPVurdering.xsd:schema/element[24],SUPVurdering.xsd,SUPfloat,1,1,optional,0,
SUPVurdering.xsd:schema/element[24]/complexType[1]/attribute[10],EnhedOevreGraense,False,SUPVurdering.xsd:schema/element[24],SUPVurdering.xsd,xsd:string,1,1,optional,0,
SUPVurdering.xsd:schema/element[28]/complexType[1]/attribute[2],BesluttendeSted,False,SUPVurdering.xsd:schema/element[28],SUPVurdering.xsd,xsd:string,1,1,optional,0,
SUPVurdering.xsd:schema/element[30]/complexType[1]/attribute[1],Problem_identifikation,False,SUPVurdering.xsd:schema/element[30],SUPVurdering.xsd,xsd:string,1,1,required,0,
SUPVurdering.xsd:schema/element[30]/complexType[1]/attribute[2],Diagnose_identifikation,False,SUPVurdering.xsd:schema/element[30],SUPVurdering.xsd,xsd:string,1,1,required,0,
SUPVurdering.xsd:schema/element[31]/complexType[1]/attribute[2],Konstateringstidspunkt,False,SUPVurdering.xsd:schema/element[31],SUPVurdering.xsd,SUPdateTime,1,1,required,0,
SUPVurdering.xsd:schema/element[31]/complexType[1]/attribute[3],Afslutningstidspunkt,False,SUPVurdering.xsd:schema/element[31],SUPVurdering.xsd,SUPdateTime,1,1,optional,0,
SUPVurdering.xsd:schema/element[31]/complexType[1]/attribute[4],Vaerdi,False,SUPVurdering.xsd:schema/element[31],SUPVurdering.xsd,SUPfloat,1,1,optional,0,
SUPVurdering.xsd:schema/element[31]/complexType[1]/attribute[5],Enhed,False,SUPVurdering.xsd:schema/element[31],SUPVurdering.xsd,xsd:string,1,1,optional,0,
SUPVurdering.xsd:schema/element[33]/complexType[1]/attribute[2],KonstateringsSted,False,SUPVurdering.xsd:schema/element[33],SUPVurdering.xsd,xsd:string,1,1,optional,0,
SUPVurdering.xsd:schema/element[35]/complexType[1]/attribute[1],Procedure_identifikation,False,SUPVurdering.xsd:schema/element[35],SUPVurdering.xsd,xsd:string,1,1,required,0,
